variable,status,missing_count,total_observations,missing_proportion,valid_count,exclusion_reason
i054_15m_pedidos,exclude,8236,8236,1.0,0,high_missing_data
i011_4m_maos,exclude,8236,8236,1.0,0,high_missing_data
i004_2m_cabeca,exclude,8236,8236,1.0,0,high_missing_data
i005_2m_maos,exclude,8236,8236,1.0,0,high_missing_data
i006_2m_ri,exclude,8236,8236,1.0,0,high_missing_data
i007_2m_sentada,exclude,8236,8236,1.0,0,high_missing_data
i008_2m_sons,exclude,8236,8236,1.0,0,high_missing_data
i009_2m_olha,exclude,8236,8236,1.0,0,high_missing_data
i010_4m_cabeca,exclude,8236,8236,1.0,0,high_missing_data
i012_4m_ri,exclude,8236,8236,1.0,0,high_missing_data
i002_2m_segue,exclude,8236,8236,1.0,0,high_missing_data
i013_4m_sentada,exclude,8236,8236,1.0,0,high_missing_data
i014_4m_sons,exclude,8236,8236,1.0,0,high_missing_data
i055_15m_corre,exclude,8236,8236,1.0,0,high_missing_data
i016_4m_barriga,exclude,8236,8236,1.0,0,high_missing_data
i017_4m_brinquedo,exclude,8236,8236,1.0,0,high_missing_data
i018_4m_procura,exclude,8236,8236,1.0,0,high_missing_data
i019_4m_segura,exclude,8236,8236,1.0,0,high_missing_data
i003_2m_vira,exclude,8236,8236,1.0,0,high_missing_data
i001_2m_feliz,exclude,8236,8236,1.0,0,high_missing_data
i021_6m_olha,exclude,8236,8236,1.0,0,high_missing_data
k10_meses,exclude,8236,8236,1.0,0,high_missing_data
i069_18m_ajuda,exclude,8236,8236,1.0,0,high_missing_data
i068_18m_combina,exclude,8236,8236,1.0,0,high_missing_data
i067_18m_pula,exclude,8236,8236,1.0,0,high_missing_data
i066_18m_eu,exclude,8236,8236,1.0,0,high_missing_data
i065_18m_sozinha,exclude,8236,8236,1.0,0,high_missing_data
i064_18m_corpo,exclude,8236,8236,1.0,0,high_missing_data
k09_licenca,exclude,8236,8236,1.0,0,high_missing_data
i063_18m_objetos,exclude,8236,8236,1.0,0,high_missing_data
i056_15m_escadas,exclude,8236,8236,1.0,0,high_missing_data
i062_18m_chuta,exclude,8236,8236,1.0,0,high_missing_data
i061_18m_escadas,exclude,8236,8236,1.0,0,high_missing_data
i060_18m_corre,exclude,8236,8236,1.0,0,high_missing_data
i000_2m_faz,exclude,8236,8236,1.0,0,high_missing_data
i059_15m_corpo,exclude,8236,8236,1.0,0,high_missing_data
i058_15m_objetos,exclude,8236,8236,1.0,0,high_missing_data
i057_15m_chuta,exclude,8236,8236,1.0,0,high_missing_data
i020_6m_sons,exclude,8236,8236,1.0,0,high_missing_data
i015_4m_olha,exclude,8236,8236,1.0,0,high_missing_data
i036_9m_olha,exclude,8236,8236,1.0,0,high_missing_data
i034_9m_brinca,exclude,8236,8236,1.0,0,high_missing_data
i052_15m_sons,exclude,8236,8236,1.0,0,high_missing_data
i049_12m_escadas,exclude,8236,8236,1.0,0,high_missing_data
i037_9m_sons,exclude,8236,8236,1.0,0,high_missing_data
i038_9m_anda,exclude,8236,8236,1.0,0,high_missing_data
i051_15m_olha,exclude,8236,8236,1.0,0,high_missing_data
i039_9m_pedidos,exclude,8236,8236,1.0,0,high_missing_data
i040_12m_mao,exclude,8236,8236,1.0,0,high_missing_data
i041_12m_puxa,exclude,8236,8236,1.0,0,high_missing_data
i042_12m_brinca,exclude,8236,8236,1.0,0,high_missing_data
i043_12m_mama,exclude,8236,8236,1.0,0,high_missing_data
i044_12m_olha,exclude,8236,8236,1.0,0,high_missing_data
i045_12m_sons,exclude,8236,8236,1.0,0,high_missing_data
i046_12m_anda,exclude,8236,8236,1.0,0,high_missing_data
i047_12m_pedidos,exclude,8236,8236,1.0,0,high_missing_data
i050_15m_mama,exclude,8236,8236,1.0,0,high_missing_data
i035_9m_mama,exclude,8236,8236,1.0,0,high_missing_data
i048_12m_corre,exclude,8236,8236,1.0,0,high_missing_data
i053_15m_anda,exclude,8236,8236,1.0,0,high_missing_data
i028_6m_mao,exclude,8236,8236,1.0,0,high_missing_data
i022_6m_barriga,exclude,8236,8236,1.0,0,high_missing_data
i023_6m_brinquedo,exclude,8236,8236,1.0,0,high_missing_data
i024_6m_procura,exclude,8236,8236,1.0,0,high_missing_data
i033_9m_puxa,exclude,8236,8236,1.0,0,high_missing_data
i026_6m_bracos,exclude,8236,8236,1.0,0,high_missing_data
i027_6m_sentada,exclude,8236,8236,1.0,0,high_missing_data
i025_6m_segura,exclude,8236,8236,1.0,0,high_missing_data
i029_6m_puxa,exclude,8236,8236,1.0,0,high_missing_data
i030_9m_bracos,exclude,8236,8236,1.0,0,high_missing_data
i031_9m_sentada,exclude,8236,8236,1.0,0,high_missing_data
i032_9m_mao,exclude,8236,8236,1.0,0,high_missing_data
vd_mielop_final,exclude,8235,8236,0.9998785818358427,1,high_missing_data
vd_mielo_final,exclude,8235,8236,0.9998785818358427,1,high_missing_data
vd_meta_final,exclude,8234,8236,0.9997571636716853,2,high_missing_data
vd_metap_final,exclude,8234,8236,0.9997571636716853,2,high_missing_data
p11a_agua_outra,exclude,8233,8236,0.9996357455075279,3,high_missing_data
k17a_alimento_qual_outro,exclude,8233,8236,0.9996357455075279,3,high_missing_data
s11_altura_observacoes,exclude,8227,8236,0.9989072365225837,9,high_missing_data
p12a_lixo_qual_outro,exclude,8226,8236,0.9987858183584264,10,high_missing_data
p10a_esgoto_outra,exclude,8226,8236,0.9987858183584264,10,high_missing_data
vd_linfat_final,exclude,8225,8236,0.998664400194269,11,high_missing_data
vd_linftp_final,exclude,8225,8236,0.998664400194269,11,high_missing_data
d06a_qual_outra,exclude,8223,8236,0.9984215638659544,13,high_missing_data
j07a_nao_outra,exclude,8222,8236,0.998300145701797,14,high_missing_data
h10a_consulta_outro,exclude,8221,8236,0.9981787275376396,15,high_missing_data
p02a_outro,exclude,8221,8236,0.9981787275376396,15,high_missing_data
j05a_religiao_outra,exclude,8220,8236,0.9980573093734822,16,high_missing_data
d05a_refeicao_outra,exclude,8205,8236,0.996236036911122,31,high_missing_data
t06c_qual_outra,exclude,8205,8236,0.996236036911122,31,high_missing_data
t06b_qual_das_pecas,exclude,8195,8236,0.9950218552695483,41,high_missing_data
s23a_peso_medida4,exclude,8194,8236,0.994900437105391,42,high_missing_data
u26a_puncao_motivo,exclude,8190,8236,0.9944147644487615,46,high_missing_data
s28_peso_observacoes,exclude,8189,8236,0.9942933462846042,47,high_missing_data
s23_peso_medida3,exclude,8187,8236,0.9940505099562894,49,high_missing_data
s24_peso_padrao,exclude,8187,8236,0.9940505099562894,49,high_missing_data
s22_permissao_peso,exclude,8183,8236,0.99356483729966,53,high_missing_data
s21a_pode_informar_peso,exclude,8180,8236,0.9932005828071879,56,high_missing_data
s21c_idade_recalculada_peso,exclude,8180,8236,0.9932005828071879,56,high_missing_data
s02b_descreva_crianca,exclude,8159,8236,0.9906508013598835,77,high_missing_data
s05_peso_observacoes,exclude,8157,8236,0.9904079650315687,79,high_missing_data
s01a_peso_motivo,exclude,8152,8236,0.9898008742107819,84,high_missing_data
s06a_altura_motivo,exclude,8134,8236,0.9876153472559495,102,high_missing_data
q03a_qual_outro,exclude,8130,8236,0.9871296745993201,106,high_missing_data
s07b_descreva_crianca_altura,exclude,8127,8236,0.986765420106848,109,high_missing_data
t04a_altura_motivo,exclude,8125,8236,0.9865225837785333,111,high_missing_data
t01a_peso_motivo,exclude,8124,8236,0.986401165614376,112,high_missing_data
h12a_alergia_outro,exclude,8111,8236,0.9848227294803302,125,high_missing_data
t03c_qual_outra_roupa,exclude,8097,8236,0.9831228751821273,139,high_missing_data
u31a_observacoes,exclude,8085,8236,0.981665857212239,151,high_missing_data
w01a_qual_outro,exclude,8065,8236,0.9792374939290918,171,high_missing_data
s33a_altura_medida4,exclude,7987,8236,0.9697668771248179,249,high_missing_data
t03b02_roupa_bota,exclude,7983,8236,0.9692812044681884,253,high_missing_data
t03b01_roupa_bermuda_de_brim,exclude,7983,8236,0.9692812044681884,253,high_missing_data
t03b03_roupa_calca_de_brim,exclude,7983,8236,0.9692812044681884,253,high_missing_data
t03b06_roupa_outra,exclude,7983,8236,0.9692812044681884,253,high_missing_data
t03b05_roupa_tenis_sapato,exclude,7983,8236,0.9692812044681884,253,high_missing_data
t03b_quais_das_seguintes_pecas,exclude,7983,8236,0.9692812044681884,253,high_missing_data
t03b04_roupa_casaco_jaqueta,exclude,7983,8236,0.9692812044681884,253,high_missing_data
s39_altura_observacoes,exclude,7981,8236,0.9690383681398738,255,high_missing_data
i119_59m_sabe,exclude,7974,8236,0.9681884409907722,262,high_missing_data
i112_59m_plural,exclude,7974,8236,0.9681884409907722,262,high_missing_data
i117_59m_figuras,exclude,7974,8236,0.9681884409907722,262,high_missing_data
i116_59m_copia,exclude,7974,8236,0.9681884409907722,262,high_missing_data
i115_59m_regras,exclude,7974,8236,0.9681884409907722,262,high_missing_data
i114_59m_urinar,exclude,7974,8236,0.9681884409907722,262,high_missing_data
i113_59m_ontem,exclude,7974,8236,0.9681884409907722,262,high_missing_data
i110_59m_conta,exclude,7974,8236,0.9681884409907722,262,high_missing_data
i111_59m_desenha,exclude,7974,8236,0.9681884409907722,262,high_missing_data
i118_59m_colore,exclude,7974,8236,0.9681884409907722,262,high_missing_data
s33_altura_medida3,exclude,7970,8236,0.9677027683341428,266,high_missing_data
s35_altura_padrao,exclude,7970,8236,0.9677027683341428,266,high_missing_data
h21a_doenca_outra,exclude,7949,8236,0.9651529868868383,287,high_missing_data
s31a_pode_informar_altura,exclude,7911,8236,0.9605390966488586,325,high_missing_data
s31c_idade_recalculada_alt,exclude,7910,8236,0.9604176784847013,326,high_missing_data
vd_zhfa,exclude,7894,8236,0.9584749878581836,342,high_missing_data
vd_zbfa,exclude,7894,8236,0.9584749878581836,342,high_missing_data
u30b_volume_edta,exclude,7891,8236,0.9581107333657115,345,high_missing_data
u23_febre_diarreia,exclude,7884,8236,0.95726080621661,352,high_missing_data
u30a_volume_trace,exclude,7884,8236,0.95726080621661,352,high_missing_data
u30_volume,exclude,7883,8236,0.9571393880524527,353,high_missing_data
u29_tubos,exclude,7882,8236,0.9570179698882952,354,high_missing_data
u28_braco,exclude,7882,8236,0.9570179698882952,354,high_missing_data
u27b_coleta_minuto,exclude,7882,8236,0.9570179698882952,354,high_missing_data
u27a_coleta_hora,exclude,7882,8236,0.9570179698882952,354,high_missing_data
u24b_refeicao_minuto,exclude,7879,8236,0.9566537153958232,357,high_missing_data
u26_puncao,exclude,7878,8236,0.9565322972316659,358,high_missing_data
u24a_refeicao_hora,exclude,7878,8236,0.9565322972316659,358,high_missing_data
b06a_porque,exclude,7856,8236,0.953861097620204,380,high_missing_data
datahorapedido_r,exclude,7856,8236,0.953861097620204,380,high_missing_data
h128_alergia_outro,exclude,7781,8236,0.9447547353084021,455,high_missing_data
h121_alergia_leite,exclude,7781,8236,0.9447547353084021,455,high_missing_data
h122_alergia_ovos,exclude,7781,8236,0.9447547353084021,455,high_missing_data
h129_alergia_nao_sabe,exclude,7781,8236,0.9447547353084021,455,high_missing_data
h123_alergia_peixes,exclude,7781,8236,0.9447547353084021,455,high_missing_data
h124_alergia_sementes,exclude,7781,8236,0.9447547353084021,455,high_missing_data
h125_alergia_trigo,exclude,7781,8236,0.9447547353084021,455,high_missing_data
h126_alergia_frutas,exclude,7781,8236,0.9447547353084021,455,high_missing_data
h127_alergia_feijoes,exclude,7781,8236,0.9447547353084021,455,high_missing_data
h12_alergias,exclude,7781,8236,0.9447547353084021,455,high_missing_data
u22b_qual_outro_motivo,exclude,7775,8236,0.944026226323458,461,high_missing_data
d06_relacao_responsavel,exclude,7762,8236,0.9424477901894124,474,high_missing_data
h20a_problema_outro,exclude,7619,8236,0.9250849927149102,617,high_missing_data
u02b_qual_outro_motivo,exclude,7611,8236,0.9241136474016513,625,high_missing_data
u03a_puncao_motivo,exclude,7561,8236,0.9180427391937834,675,high_missing_data
u22a_recoleta_motivo,exclude,7534,8236,0.9147644487615347,702,high_missing_data
k171_alimento_leite,exclude,7405,8236,0.8991015055852356,831,high_missing_data
k176_alimento_outro,exclude,7405,8236,0.8991015055852356,831,high_missing_data
k175_alimento_acucar,exclude,7405,8236,0.8991015055852356,831,high_missing_data
k174_alimento_agua,exclude,7405,8236,0.8991015055852356,831,high_missing_data
k173_alimento_cha,exclude,7405,8236,0.8991015055852356,831,high_missing_data
k172_alimento_formulas,exclude,7405,8236,0.8991015055852356,831,high_missing_data
k17_alimento,exclude,7405,8236,0.8991015055852356,831,high_missing_data
k179_alimento_nao_sabe,exclude,7405,8236,0.8991015055852356,831,high_missing_data
i9945_jantar,exclude,7271,8236,0.8828314715881496,965,high_missing_data
i9941_cafe_manha,exclude,7271,8236,0.8828314715881496,965,high_missing_data
i9942_lanche_manha,exclude,7271,8236,0.8828314715881496,965,high_missing_data
i9943_almoco,exclude,7271,8236,0.8828314715881496,965,high_missing_data
i994_qual_refeicao,exclude,7271,8236,0.8828314715881496,965,high_missing_data
i9944_lanche_tarde,exclude,7271,8236,0.8828314715881496,965,high_missing_data
i9946_ceia,exclude,7271,8236,0.8828314715881496,965,high_missing_data
i9947_outros,exclude,7271,8236,0.8828314715881496,965,high_missing_data
u22_recoleta_realizada,exclude,7136,8236,0.8664400194269063,1100,high_missing_data
i075_24m_ajuda,exclude,7088,8236,0.860611947547353,1148,high_missing_data
i079_24m_linhas,exclude,7088,8236,0.860611947547353,1148,high_missing_data
i077_24m_atencao,exclude,7088,8236,0.860611947547353,1148,high_missing_data
i076_24m_cor,exclude,7088,8236,0.860611947547353,1148,high_missing_data
i078_24m_nome,exclude,7088,8236,0.860611947547353,1148,high_missing_data
i073_24m_pula,exclude,7088,8236,0.860611947547353,1148,high_missing_data
i074_24m_combina,exclude,7088,8236,0.860611947547353,1148,high_missing_data
i072_24m_eu,exclude,7088,8236,0.860611947547353,1148,high_missing_data
i071_24m_sozinha,exclude,7088,8236,0.860611947547353,1148,high_missing_data
i070_24m_corpo,exclude,7088,8236,0.860611947547353,1148,high_missing_data
i088_30m_compara,exclude,6903,8236,0.8381495871782418,1333,high_missing_data
i087_30m_explicar,exclude,6903,8236,0.8381495871782418,1333,high_missing_data
i086_30m_perguntas,exclude,6903,8236,0.8381495871782418,1333,high_missing_data
i085_30m_lava,exclude,6903,8236,0.8381495871782418,1333,high_missing_data
i084_30m_fala,exclude,6903,8236,0.8381495871782418,1333,high_missing_data
i089_30m_responde,exclude,6903,8236,0.8381495871782418,1333,high_missing_data
i083_30m_linhas,exclude,6903,8236,0.8381495871782418,1333,high_missing_data
i082_30m_nome,exclude,6903,8236,0.8381495871782418,1333,high_missing_data
i081_30m_atencao,exclude,6903,8236,0.8381495871782418,1333,high_missing_data
i080_30m_cor,exclude,6903,8236,0.8381495871782418,1333,high_missing_data
h09_chupeta_medida2,exclude,6353,8236,0.771369596891695,1883,high_missing_data
h08_chupeta_parou,exclude,6298,8236,0.7646915978630403,1938,high_missing_data
u08a_observacoes,exclude,6031,8236,0.7322729480330258,2205,high_missing_data
u02a_coleta_motivo,exclude,5959,8236,0.723530840213696,2277,high_missing_data
p04_aluguel,exclude,5885,8236,0.7145458960660515,2351,high_missing_data
i101_48m_responde,exclude,5565,8236,0.675692083535697,2671,high_missing_data
i102_48m_conta,exclude,5565,8236,0.675692083535697,2671,high_missing_data
i100_48m_compara,exclude,5565,8236,0.675692083535697,2671,high_missing_data
i105_48m_ontem,exclude,5565,8236,0.675692083535697,2671,high_missing_data
i106_48m_urinar,exclude,5565,8236,0.675692083535697,2671,high_missing_data
i107_48m_regras,exclude,5565,8236,0.675692083535697,2671,high_missing_data
i108_48m_copia,exclude,5565,8236,0.675692083535697,2671,high_missing_data
i109_48m_figuras,exclude,5565,8236,0.675692083535697,2671,high_missing_data
i103_48m_desenha,exclude,5565,8236,0.675692083535697,2671,high_missing_data
i104_48m_plural,exclude,5565,8236,0.675692083535697,2671,high_missing_data
j07_nao_empregado,exclude,5506,8236,0.6685284118504128,2730,high_missing_data
i090_36m_fala,exclude,5414,8236,0.6573579407479359,2822,high_missing_data
i096_36m_conta,exclude,5414,8236,0.6573579407479359,2822,high_missing_data
i091_36m_lava,exclude,5414,8236,0.6573579407479359,2822,high_missing_data
i092_36m_perguntas,exclude,5414,8236,0.6573579407479359,2822,high_missing_data
i094_36m_compara,exclude,5414,8236,0.6573579407479359,2822,high_missing_data
i095_36m_responde,exclude,5414,8236,0.6573579407479359,2822,high_missing_data
i093_36m_explicar,exclude,5414,8236,0.6573579407479359,2822,high_missing_data
i097_36m_desenha,exclude,5414,8236,0.6573579407479359,2822,high_missing_data
i098_36m_plural,exclude,5414,8236,0.6573579407479359,2822,high_missing_data
i099_36m_ontem,exclude,5414,8236,0.6573579407479359,2822,high_missing_data
h07_chupeta_medida1,exclude,4900,8236,0.5949490043710539,3336,high_missing_data
h06_chupeta_comecou,exclude,4839,8236,0.587542496357455,3397,high_missing_data
q04_quantos_moradores,exclude,4606,8236,0.5592520641087907,3630,high_missing_data
q035_pensao,exclude,4599,8236,0.5584021369596892,3637,high_missing_data
q036_aposentadoria,exclude,4599,8236,0.5584021369596892,3637,high_missing_data
q033_beneficio_prefeitura,exclude,4599,8236,0.5584021369596892,3637,high_missing_data
q03_quais_beneficios,exclude,4599,8236,0.5584021369596892,3637,high_missing_data
q031_programa_bolsa_familia,exclude,4599,8236,0.5584021369596892,3637,high_missing_data
q039_nao_sabe,exclude,4599,8236,0.5584021369596892,3637,high_missing_data
q034_beneficio_estado,exclude,4599,8236,0.5584021369596892,3637,high_missing_data
q037_outro_beneficio,exclude,4599,8236,0.5584021369596892,3637,high_missing_data
q032_bpc_loas,exclude,4599,8236,0.5584021369596892,3637,high_missing_data
vd_d059_nao_sabe,exclude,4050,8236,0.49174356483729964,4186,high_missing_data
d05_quais_refeicoes,exclude,4050,8236,0.49174356483729964,4186,high_missing_data
vd_d054_lanche_tarde,exclude,4050,8236,0.49174356483729964,4186,high_missing_data
vd_d051_cafe_manha,exclude,4050,8236,0.49174356483729964,4186,high_missing_data
vd_d056_outra,exclude,4050,8236,0.49174356483729964,4186,high_missing_data
vd_d055_jantar,exclude,4050,8236,0.49174356483729964,4186,high_missing_data
vd_d053_almoco,exclude,4050,8236,0.49174356483729964,4186,high_missing_data
vd_d052_lanche_manha,exclude,4050,8236,0.49174356483729964,4186,high_missing_data
e14_manga,exclude,3910,8236,0.47474502185526957,4326,high_missing_data
e13_fruta_vezes,exclude,3910,8236,0.47474502185526957,4326,high_missing_data
d04_refeicao,exclude,3872,8236,0.4701311316172899,4364,high_missing_data
d03_duracao,exclude,3872,8236,0.4701311316172899,4364,high_missing_data
k27_idade_medida,exclude,3731,8236,0.45301117047110245,4505,high_missing_data
k26_idade,exclude,3680,8236,0.44681884409907724,4556,high_missing_data
m1010_p10,exclude,3207,8236,0.3893880524526469,5029,high_missing_data
m1011_p11,exclude,3207,8236,0.3893880524526469,5029,high_missing_data
m1009_p09,exclude,3207,8236,0.3893880524526469,5029,high_missing_data
m1012_p12,exclude,3207,8236,0.3893880524526469,5029,high_missing_data
m1014_p14,exclude,3207,8236,0.3893880524526469,5029,high_missing_data
m1005_p05,exclude,3207,8236,0.3893880524526469,5029,high_missing_data
m1002_p02,exclude,3207,8236,0.3893880524526469,5029,high_missing_data
m1003_p03,exclude,3207,8236,0.3893880524526469,5029,high_missing_data
m1004_p04,exclude,3207,8236,0.3893880524526469,5029,high_missing_data
m1006_p06,exclude,3207,8236,0.3893880524526469,5029,high_missing_data
m1008_p08,exclude,3207,8236,0.3893880524526469,5029,high_missing_data
m1007_p07,exclude,3207,8236,0.3893880524526469,5029,high_missing_data
m1013_p13,exclude,3207,8236,0.3893880524526469,5029,high_missing_data
m1001_p01,exclude,3207,8236,0.3893880524526469,5029,high_missing_data
m1015_p15,exclude,3207,8236,0.3893880524526469,5029,high_missing_data
m1020_p20,exclude,3207,8236,0.3893880524526469,5029,high_missing_data
m1016_p16,exclude,3207,8236,0.3893880524526469,5029,high_missing_data
m1022_p22,exclude,3207,8236,0.3893880524526469,5029,high_missing_data
m1021_p21,exclude,3207,8236,0.3893880524526469,5029,high_missing_data
m10_quem_divide,exclude,3207,8236,0.3893880524526469,5029,high_missing_data
m1019_p19,exclude,3207,8236,0.3893880524526469,5029,high_missing_data
m1018_p18,exclude,3207,8236,0.3893880524526469,5029,high_missing_data
m1017_p17,exclude,3207,8236,0.3893880524526469,5029,high_missing_data
vd_afoli_fonte,exclude,3074,8236,0.3732394366197183,5162,high_missing_data
vd_afoli_final,exclude,3074,8236,0.3732394366197183,5162,high_missing_data
vd_vb12_final,exclude,3072,8236,0.3729966002914036,5164,high_missing_data
vd_vb12_fonte,exclude,3072,8236,0.3729966002914036,5164,high_missing_data
vd_zn_final,exclude,2697,8236,0.3274647887323944,5539,high_missing_data
vd_zn_fonte,exclude,2697,8236,0.3274647887323944,5539,high_missing_data
vd_selen_final,exclude,2695,8236,0.32722195240407964,5541,high_missing_data
vd_selen_fonte,exclude,2695,8236,0.32722195240407964,5541,high_missing_data
vd_rdw_final,exclude,2679,8236,0.32527926177756195,5557,high_missing_data
vd_baso_final,exclude,2675,8236,0.3247935891209325,5561,high_missing_data
vd_bastp_final,exclude,2675,8236,0.3247935891209325,5561,high_missing_data
vd_basop_final,exclude,2675,8236,0.3247935891209325,5561,high_missing_data
vd_ht_final,exclude,2675,8236,0.3247935891209325,5561,high_missing_data
vd_hcm_final,exclude,2675,8236,0.3247935891209325,5561,high_missing_data
vd_hb_final,exclude,2675,8236,0.3247935891209325,5561,high_missing_data
vd_eosp_final,exclude,2675,8236,0.3247935891209325,5561,high_missing_data
vd_eos_final,exclude,2675,8236,0.3247935891209325,5561,high_missing_data
vd_leuco_final,exclude,2675,8236,0.3247935891209325,5561,high_missing_data
vd_hb_fonte,exclude,2675,8236,0.3247935891209325,5561,high_missing_data
vd_linfo_final,exclude,2675,8236,0.3247935891209325,5561,high_missing_data
vd_linfop_final,exclude,2675,8236,0.3247935891209325,5561,high_missing_data
vd_chcm_final,exclude,2675,8236,0.3247935891209325,5561,high_missing_data
vd_vcm_final,exclude,2675,8236,0.3247935891209325,5561,high_missing_data
vd_mono_final,exclude,2675,8236,0.3247935891209325,5561,high_missing_data
vd_bast_final,exclude,2675,8236,0.3247935891209325,5561,high_missing_data
vd_monop_final,exclude,2675,8236,0.3247935891209325,5561,high_missing_data
vd_seg_final,exclude,2675,8236,0.3247935891209325,5561,high_missing_data
vd_segp_final,exclude,2675,8236,0.3247935891209325,5561,high_missing_data
vd_pla_final,exclude,2675,8236,0.3247935891209325,5561,high_missing_data
vd_rbc_final,exclude,2675,8236,0.3247935891209325,5561,high_missing_data
vd_ferri_final,exclude,2650,8236,0.32175813501699857,5586,high_missing_data
vd_ferri_fonte,exclude,2650,8236,0.32175813501699857,5586,high_missing_data
vd_pcr_fonte,exclude,2641,8236,0.3206653715395823,5595,high_missing_data
vd_pcr_final,exclude,2641,8236,0.3206653715395823,5595,high_missing_data
vd_vit25_fonte,exclude,2627,8236,0.31896551724137934,5609,high_missing_data
vd_vit25_final,exclude,2627,8236,0.31896551724137934,5609,high_missing_data
vd_vitb6_fonte,exclude,2573,8236,0.312408936376882,5663,high_missing_data
vd_vitb1_fonte,exclude,2573,8236,0.312408936376882,5663,high_missing_data
vd_vitb6_final,exclude,2573,8236,0.312408936376882,5663,high_missing_data
vd_vitb1_final,exclude,2573,8236,0.312408936376882,5663,high_missing_data
vd_vite_fonte,exclude,2534,8236,0.307673627974745,5702,high_missing_data
vd_vite_final,exclude,2534,8236,0.307673627974745,5702,high_missing_data
vd_vita_fonte,exclude,2529,8236,0.3070665371539582,5707,high_missing_data
vd_vita_final,exclude,2529,8236,0.3070665371539582,5707,high_missing_data
k19_somente_medida,keep,2391,8236,0.2903108305002428,5845,acceptable_missing_data
k28_aleitamento,keep,2379,8236,0.2888538125303545,5857,acceptable_missing_data
k244_utilizou_bomba,keep,2379,8236,0.2888538125303545,5857,acceptable_missing_data
k243_utilizou_bico,keep,2379,8236,0.2888538125303545,5857,acceptable_missing_data
k242_utilizou_protetor,keep,2379,8236,0.2888538125303545,5857,acceptable_missing_data
k241_utilizou_concha,keep,2379,8236,0.2888538125303545,5857,acceptable_missing_data
k24_utilizou,keep,2379,8236,0.2888538125303545,5857,acceptable_missing_data
k23_deixou,keep,2379,8236,0.2888538125303545,5857,acceptable_missing_data
k22_amamentou,keep,2379,8236,0.2888538125303545,5857,acceptable_missing_data
k21_recebeu,keep,2379,8236,0.2888538125303545,5857,acceptable_missing_data
k20_doou,keep,2379,8236,0.2888538125303545,5857,acceptable_missing_data
k18_somente,keep,2379,8236,0.2888538125303545,5857,acceptable_missing_data
k245_utilizou_mamadeira,keep,2379,8236,0.2888538125303545,5857,acceptable_missing_data
k247_utilizou_copo,keep,2379,8236,0.2888538125303545,5857,acceptable_missing_data
k248_utilizou_nao,keep,2379,8236,0.2888538125303545,5857,acceptable_missing_data
k249_utilizou_nao_sabe,keep,2379,8236,0.2888538125303545,5857,acceptable_missing_data
k25_mamadeira,keep,2379,8236,0.2888538125303545,5857,acceptable_missing_data
k246_utilizou_sondinha,keep,2379,8236,0.2888538125303545,5857,acceptable_missing_data
k16_liquido,keep,2379,8236,0.2888538125303545,5857,acceptable_missing_data
k15_recebeu,keep,2379,8236,0.2888538125303545,5857,acceptable_missing_data
k14_ainda,keep,2379,8236,0.2888538125303545,5857,acceptable_missing_data
k13_tempo_medida,keep,2379,8236,0.2888538125303545,5857,acceptable_missing_data
k12_tempo,keep,2379,8236,0.2888538125303545,5857,acceptable_missing_data
idade,keep,2334,8236,0.28338999514327345,5902,acceptable_missing_data
datahorapedido,keep,2334,8236,0.28338999514327345,5902,acceptable_missing_data
u07_volume,keep,2319,8236,0.28156872268091304,5917,acceptable_missing_data
u07b_volume_edta,keep,2319,8236,0.28156872268091304,5917,acceptable_missing_data
u07a_volume_trace,keep,2318,8236,0.2814473045167557,5918,acceptable_missing_data
u01_febre_diarreia,keep,2313,8236,0.2808402136959689,5923,acceptable_missing_data
u06_tubos,keep,2313,8236,0.2808402136959689,5923,acceptable_missing_data
u04b_coleta_minuto,keep,2313,8236,0.2808402136959689,5923,acceptable_missing_data
u04a_coleta_hora,keep,2313,8236,0.2808402136959689,5923,acceptable_missing_data
u05_braco,keep,2313,8236,0.2808402136959689,5923,acceptable_missing_data
u03_puncao,keep,2311,8236,0.2805973773676542,5925,acceptable_missing_data
u09b_refeicao_minuto,keep,2310,8236,0.2804759592034968,5926,acceptable_missing_data
u09a_refeicao_hora,keep,2310,8236,0.2804759592034968,5926,acceptable_missing_data
k05_prenatal_consultas,keep,2226,8236,0.27027683341427877,6010,acceptable_missing_data
k04_prenatal_semanas,keep,2226,8236,0.27027683341427877,6010,acceptable_missing_data
k06_peso_engravidar,keep,2108,8236,0.25594949004371054,6128,acceptable_missing_data
k07_peso_final,keep,2106,8236,0.2557066537153958,6130,acceptable_missing_data
k29_alimentacao,keep,2104,8236,0.2554638173870811,6132,acceptable_missing_data
k01_gestacoes,keep,2104,8236,0.2554638173870811,6132,acceptable_missing_data
k11_amamentou,keep,2104,8236,0.2554638173870811,6132,acceptable_missing_data
k08_quilos,keep,2104,8236,0.2554638173870811,6132,acceptable_missing_data
k03_prenatal,keep,2104,8236,0.2554638173870811,6132,acceptable_missing_data
k02_filhos_vivos,keep,2104,8236,0.2554638173870811,6132,acceptable_missing_data
grupo9a,keep,1665,8236,0.20216124332200097,6571,acceptable_missing_data
grupo9b,keep,1333,8236,0.16185041282175813,6903,acceptable_missing_data
grupo10,keep,1333,8236,0.16185041282175813,6903,acceptable_missing_data
grupo11,keep,1318,8236,0.16002914035939778,6918,acceptable_missing_data
w01_motivo,keep,1108,8236,0.1345313258863526,7128,acceptable_missing_data
grupo3,keep,1025,8236,0.12445361826129189,7211,acceptable_missing_data
t03a_peso_padrao,keep,1021,8236,0.12396794560466246,7215,acceptable_missing_data
t06a_altura_padrao,keep,1017,8236,0.12348227294803303,7219,acceptable_missing_data
vd_imc_mae,keep,875,8236,0.1062408936376882,7361,acceptable_missing_data
grupo1b,keep,870,8236,0.1056338028169014,7366,acceptable_missing_data
grupo7,keep,758,8236,0.09203496843127731,7478,acceptable_missing_data
grupo1a,keep,748,8236,0.09082078678970373,7488,acceptable_missing_data
grupo13,keep,747,8236,0.09069936862554638,7489,acceptable_missing_data
grupo15,keep,745,8236,0.09045653229723166,7491,acceptable_missing_data
grupo8,keep,725,8236,0.0880281690140845,7511,acceptable_missing_data
grupo2,keep,628,8236,0.0762506070908208,7608,acceptable_missing_data
grupo4,keep,619,8236,0.07515784361340457,7617,acceptable_missing_data
grupo6,keep,618,8236,0.07503642544924721,7618,acceptable_missing_data
t02_peso_medida1,keep,487,8236,0.05913064594463332,7749,acceptable_missing_data
t03_peso_medida2,keep,487,8236,0.05913064594463332,7749,acceptable_missing_data
t06_altura_medida2,keep,486,8236,0.05900922778047596,7750,acceptable_missing_data
t05_altura_medida1,keep,485,8236,0.0588878096163186,7751,acceptable_missing_data
t04_foi_medida,keep,485,8236,0.0588878096163186,7751,acceptable_missing_data
t01_foi_pesada,keep,485,8236,0.0588878096163186,7751,acceptable_missing_data
grupo5,keep,474,8236,0.057552209810587666,7762,acceptable_missing_data
n10_guardar_frutas,keep,467,8236,0.05670228266148616,7769,acceptable_missing_data
n11_pegar_refrigerante,keep,467,8236,0.05670228266148616,7769,acceptable_missing_data
n12_comer_biscoitos,keep,467,8236,0.05670228266148616,7769,acceptable_missing_data
n13_comer_bala,keep,467,8236,0.05670228266148616,7769,acceptable_missing_data
n14_comer_comida,keep,467,8236,0.05670228266148616,7769,acceptable_missing_data
n15_come_suficiente,keep,467,8236,0.05670228266148616,7769,acceptable_missing_data
n16_forcar_comer,keep,467,8236,0.05670228266148616,7769,acceptable_missing_data
n17_comer_menos,keep,467,8236,0.05670228266148616,7769,acceptable_missing_data
bbb08_numero_mais_novo1,keep,464,8236,0.056338028169014086,7772,acceptable_missing_data
grupo1c,keep,451,8236,0.054759592034968434,7785,acceptable_missing_data
grupo21,keep,370,8236,0.044924720738222436,7866,acceptable_missing_data
grupo22,keep,368,8236,0.044681884409907724,7868,acceptable_missing_data
grupo12,keep,348,8236,0.04225352112676056,7888,acceptable_missing_data
e03_filtrada_fervida,keep,348,8236,0.04225352112676056,7888,acceptable_missing_data
e04_agua_com_acucar,keep,348,8236,0.04225352112676056,7888,acceptable_missing_data
e17_sal_vezes,keep,343,8236,0.04164643030597377,7893,acceptable_missing_data
e185_caldo,keep,343,8236,0.04164643030597377,7893,acceptable_missing_data
e184_liquidificada,keep,343,8236,0.04164643030597377,7893,acceptable_missing_data
e183_peneira,keep,343,8236,0.04164643030597377,7893,acceptable_missing_data
e18_oferecida,keep,343,8236,0.04164643030597377,7893,acceptable_missing_data
e182_amassada,keep,343,8236,0.04164643030597377,7893,acceptable_missing_data
e181_pedacos,keep,343,8236,0.04164643030597377,7893,acceptable_missing_data
e189_nao_sabe,keep,343,8236,0.04164643030597377,7893,acceptable_missing_data
s07a_altura2_realizada,keep,326,8236,0.03958232151529869,7910,acceptable_missing_data
s10_altura_padrao,keep,326,8236,0.03958232151529869,7910,acceptable_missing_data
grupo14,keep,323,8236,0.03921806702282662,7913,acceptable_missing_data
grupo16,keep,300,8236,0.036425449247207385,7936,acceptable_missing_data
s02a_medida2_realizada,keep,281,8236,0.03411850412821758,7955,acceptable_missing_data
s04_peso_padrao,keep,281,8236,0.03411850412821758,7955,acceptable_missing_data
grupo19,keep,246,8236,0.029868868382710054,7990,acceptable_missing_data
grupo18,keep,246,8236,0.029868868382710054,7990,acceptable_missing_data
m02_quem_cozinha,keep,226,8236,0.027440505099562893,8010,acceptable_missing_data
m03_alimentos_basicos,keep,207,8236,0.025133559980573095,8029,acceptable_missing_data
m07_sabe_basico,keep,207,8236,0.025133559980573095,8029,acceptable_missing_data
grupo20,keep,207,8236,0.025133559980573095,8029,acceptable_missing_data
m08_adiantar_etapas,keep,207,8236,0.025133559980573095,8029,acceptable_missing_data
m09_atividades_divididas,keep,207,8236,0.025133559980573095,8029,acceptable_missing_data
m05_organiza,keep,207,8236,0.025133559980573095,8029,acceptable_missing_data
m06_facilidade,keep,207,8236,0.025133559980573095,8029,acceptable_missing_data
m04_confiante,keep,207,8236,0.025133559980573095,8029,acceptable_missing_data
grupo17,keep,202,8236,0.024526469159786304,8034,acceptable_missing_data
m11_quem_decide,keep,50,8236,0.006070908207867897,8186,acceptable_missing_data
m12_despesas,keep,50,8236,0.006070908207867897,8186,acceptable_missing_data
vd_anthro_zwfl,keep,43,8236,0.0052209810587663915,8193,acceptable_missing_data
s08_altura_medida2,keep,14,8236,0.001699854298203011,8222,acceptable_missing_data
s03_peso_medida2,keep,14,8236,0.001699854298203011,8222,acceptable_missing_data
b06_numero_mae,keep,11,8236,0.0013355998057309373,8225,acceptable_missing_data
i993_faltou_alguma_refeicao,keep,8,8236,0.0009713453132588635,8228,acceptable_missing_data
bb04_idade_da_mae,keep,7,8236,0.0008499271491015056,8229,acceptable_missing_data
s39a_medida1_altura_refeita,keep,4,8236,0.00048567265662943174,8232,acceptable_missing_data
s09_altura_feita_corrigida,keep,4,8236,0.00048567265662943174,8232,acceptable_missing_data
s39b_medida2_altura_refeita,keep,4,8236,0.00048567265662943174,8232,acceptable_missing_data
vd_zimc,keep,4,8236,0.00048567265662943174,8232,acceptable_missing_data
vd_zhaz,keep,4,8236,0.00048567265662943174,8232,acceptable_missing_data
s07_altura_medida1,keep,4,8236,0.00048567265662943174,8232,acceptable_missing_data
s29a_medida1_peso_refeita,keep,3,8236,0.0003642544924720738,8233,acceptable_missing_data
s29b_medida2_peso_refeita,keep,3,8236,0.0003642544924720738,8233,acceptable_missing_data
s02_peso_medida1,keep,1,8236,0.00012141816415735794,8235,acceptable_missing_data
vd_zwaz,keep,1,8236,0.00012141816415735794,8235,acceptable_missing_data
vd_ien_decimos,keep,0,8236,0.0,8236,acceptable_missing_data
vd_suplemento,keep,0,8236,0.0,8236,acceptable_missing_data
vd_ien_escore,keep,0,8236,0.0,8236,acceptable_missing_data
vd_prematura_igb,keep,0,8236,0.0,8236,acceptable_missing_data
vd_supl1_com_fosforo,keep,0,8236,0.0,8236,acceptable_missing_data
vd_supl1_com_magnesio,keep,0,8236,0.0,8236,acceptable_missing_data
vd_supl1_com_manganes,keep,0,8236,0.0,8236,acceptable_missing_data
vd_supl1_com_molibdenio,keep,0,8236,0.0,8236,acceptable_missing_data
vd_supl1_sobreposicao,keep,0,8236,0.0,8236,acceptable_missing_data
vd_supl1_multivitaminico_sem_minerais_abcde,keep,0,8236,0.0,8236,acceptable_missing_data
vd_supl1_com_selenio,keep,0,8236,0.0,8236,acceptable_missing_data
vd_supl1_multivitaminico_sem_minerais_ade,keep,0,8236,0.0,8236,acceptable_missing_data
vd_num_supl,keep,0,8236,0.0,8236,acceptable_missing_data
vd_suplemento_comercial,keep,0,8236,0.0,8236,acceptable_missing_data
vd_suplemento_sus,keep,0,8236,0.0,8236,acceptable_missing_data
vd_dummy_domic_ebia,keep,0,8236,0.0,8236,acceptable_missing_data
vd_supl1_multivitaminico_sem_minerais_abcd,keep,0,8236,0.0,8236,acceptable_missing_data
setor_anon,keep,0,8236,0.0,8236,acceptable_missing_data
vd_ien_tercos,keep,0,8236,0.0,8236,acceptable_missing_data
vd_ebia_categ,keep,0,8236,0.0,8236,acceptable_missing_data
vd_ebia_escore,keep,0,8236,0.0,8236,acceptable_missing_data
vd_supl1_multivitaminico_sem_minerais_bc,keep,0,8236,0.0,8236,acceptable_missing_data
vd_supl1_multivitaminico_sem_minerais_b,keep,0,8236,0.0,8236,acceptable_missing_data
vd_supl1_multivitaminico_sem_minerais_abcdek,keep,0,8236,0.0,8236,acceptable_missing_data
vd_dummy_domic_ien,keep,0,8236,0.0,8236,acceptable_missing_data
vd_ien_quartos,keep,0,8236,0.0,8236,acceptable_missing_data
vd_supl1_multivitaminico_com_minerais_bcferro,keep,0,8236,0.0,8236,acceptable_missing_data
vd_supl1_multivitaminico_sem_minerais_outros,keep,0,8236,0.0,8236,acceptable_missing_data
vd_supl1_com_iodo,keep,0,8236,0.0,8236,acceptable_missing_data
vd_ien_quintos,keep,0,8236,0.0,8236,acceptable_missing_data
x08_total_maes_resp,keep,0,8236,0.0,8236,acceptable_missing_data
vd_supl1_somente_ferro,keep,0,8236,0.0,8236,acceptable_missing_data
vd_supl1_com_cobre,keep,0,8236,0.0,8236,acceptable_missing_data
vd_supl1_com_cromo,keep,0,8236,0.0,8236,acceptable_missing_data
vd_supl1_vita_nao_sus,keep,0,8236,0.0,8236,acceptable_missing_data
vd_supl1_com_vitb1,keep,0,8236,0.0,8236,acceptable_missing_data
vd_supl1_com_vitb2,keep,0,8236,0.0,8236,acceptable_missing_data
vd_supl1_com_vite,keep,0,8236,0.0,8236,acceptable_missing_data
vd_idade_2cat,keep,0,8236,0.0,8236,acceptable_missing_data
vd_bbb07_mae_resp1,keep,0,8236,0.0,8236,acceptable_missing_data
vd_supl1_exclusivamente_vitd,keep,0,8236,0.0,8236,acceptable_missing_data
vd_supl1_somente_vitd,keep,0,8236,0.0,8236,acceptable_missing_data
vd_supl1_com_vitd,keep,0,8236,0.0,8236,acceptable_missing_data
vd_supl1_exclusivamente_vitc,keep,0,8236,0.0,8236,acceptable_missing_data
vd_supl1_somente_vitc,keep,0,8236,0.0,8236,acceptable_missing_data
vd_supl1_com_vitc,keep,0,8236,0.0,8236,acceptable_missing_data
vd_supl1_com_vitb12,keep,0,8236,0.0,8236,acceptable_missing_data
vd_supl1_com_vitb9,keep,0,8236,0.0,8236,acceptable_missing_data
vd_supl1_com_vitb8,keep,0,8236,0.0,8236,acceptable_missing_data
vd_supl1_com_vitb7,keep,0,8236,0.0,8236,acceptable_missing_data
vd_supl1_com_vitb6,keep,0,8236,0.0,8236,acceptable_missing_data
vd_supl1_com_vitb5,keep,0,8236,0.0,8236,acceptable_missing_data
id_upa_anon,keep,0,8236,0.0,8236,acceptable_missing_data
vd_supl1_com_vitb3,keep,0,8236,0.0,8236,acceptable_missing_data
x06_total_pessoas,keep,0,8236,0.0,8236,acceptable_missing_data
vd_supl1_vita_sus,keep,0,8236,0.0,8236,acceptable_missing_data
vd_supl1_vita_indep_mega_nutrisus,keep,0,8236,0.0,8236,acceptable_missing_data
vd_supl1_exclusivamente_vita,keep,0,8236,0.0,8236,acceptable_missing_data
vd_supl1_ferro_nao_sus,keep,0,8236,0.0,8236,acceptable_missing_data
vd_supl1_com_ferro,keep,0,8236,0.0,8236,acceptable_missing_data
x07_total_criancas,keep,0,8236,0.0,8236,acceptable_missing_data
vd_supl1_outros_supl,keep,0,8236,0.0,8236,acceptable_missing_data
vd_supl1_com_cipro,keep,0,8236,0.0,8236,acceptable_missing_data
vd_supl1_bc_cipro,keep,0,8236,0.0,8236,acceptable_missing_data
vd_supl1_exclusivamente_ferro,keep,0,8236,0.0,8236,acceptable_missing_data
vd_supl1_multi_sem_com_minerais,keep,0,8236,0.0,8236,acceptable_missing_data
vd_supl1_com_ferro_indep_nutrisus,keep,0,8236,0.0,8236,acceptable_missing_data
vd_supl1_ferro_sus,keep,0,8236,0.0,8236,acceptable_missing_data
vd_supl1_multivitaminico_com_minerais,keep,0,8236,0.0,8236,acceptable_missing_data
vd_supl1_somente_vita,keep,0,8236,0.0,8236,acceptable_missing_data
vd_supl1_multivitaminico_sem_minerais,keep,0,8236,0.0,8236,acceptable_missing_data
total_12p,keep,0,8236,0.0,8236,acceptable_missing_data
vd_supl1_com_calcio,keep,0,8236,0.0,8236,acceptable_missing_data
u02_coleta_realizada,keep,0,8236,0.0,8236,acceptable_missing_data
vd_supl1_somente_vitsad,keep,0,8236,0.0,8236,acceptable_missing_data
vd_supl1_com_vitk,keep,0,8236,0.0,8236,acceptable_missing_data
vd_supl1_com_zinco,keep,0,8236,0.0,8236,acceptable_missing_data
vd_supl1_somente_zinco,keep,0,8236,0.0,8236,acceptable_missing_data
vd_supl1_com_vita,keep,0,8236,0.0,8236,acceptable_missing_data
id_anon,keep,0,8236,0.0,8236,acceptable_missing_data
l12_menos18_saltou_refeicao,keep,0,8236,0.0,8236,acceptable_missing_data
s06_foi_medida,keep,0,8236,0.0,8236,acceptable_missing_data
s01_foi_pesada,keep,0,8236,0.0,8236,acceptable_missing_data
h14_tosse,keep,0,8236,0.0,8236,acceptable_missing_data
h13_diarreia,keep,0,8236,0.0,8236,acceptable_missing_data
h11_alergia,keep,0,8236,0.0,8236,acceptable_missing_data
h10b9_sindrome_nao_sabe,keep,0,8236,0.0,8236,acceptable_missing_data
h10b5_sindrome_autismo,keep,0,8236,0.0,8236,acceptable_missing_data
h10b4_sindrome_fenilcetonuria,keep,0,8236,0.0,8236,acceptable_missing_data
h10b3_sindrome_fibrose,keep,0,8236,0.0,8236,acceptable_missing_data
h10b2_sindrome_down,keep,0,8236,0.0,8236,acceptable_missing_data
h10b1_sindrome_nao,keep,0,8236,0.0,8236,acceptable_missing_data
h10b_sindrome_de_down,keep,0,8236,0.0,8236,acceptable_missing_data
h10_consulta,keep,0,8236,0.0,8236,acceptable_missing_data
h05_chupeta_usou,keep,0,8236,0.0,8236,acceptable_missing_data
h04_parto,keep,0,8236,0.0,8236,acceptable_missing_data
h03_altura,keep,0,8236,0.0,8236,acceptable_missing_data
h02_peso,keep,0,8236,0.0,8236,acceptable_missing_data
h01_semanas_gravidez,keep,0,8236,0.0,8236,acceptable_missing_data
g151_sache,keep,0,8236,0.0,8236,acceptable_missing_data
g150_vitaminas,keep,0,8236,0.0,8236,acceptable_missing_data
g001_usou,keep,0,8236,0.0,8236,acceptable_missing_data
f001_esta_usando,keep,0,8236,0.0,8236,acceptable_missing_data
estrato_sel_anon,keep,0,8236,0.0,8236,acceptable_missing_data
e40_adocado,keep,0,8236,0.0,8236,acceptable_missing_data
e39_mamadeira,keep,0,8236,0.0,8236,acceptable_missing_data
h15_respiracao,keep,0,8236,0.0,8236,acceptable_missing_data
h16_canseira,keep,0,8236,0.0,8236,acceptable_missing_data
h17_nariz,keep,0,8236,0.0,8236,acceptable_missing_data
i000c_idade_em_meses,keep,0,8236,0.0,8236,acceptable_missing_data
j0504_rel_espirita_kardecista,keep,0,8236,0.0,8236,acceptable_missing_data
j0503_rel_evangelica_pentecostal,keep,0,8236,0.0,8236,acceptable_missing_data
j0502_rel_evangelica_tradicional,keep,0,8236,0.0,8236,acceptable_missing_data
j0501_rel_catolica,keep,0,8236,0.0,8236,acceptable_missing_data
j05_religiao,keep,0,8236,0.0,8236,acceptable_missing_data
j04_vive,keep,0,8236,0.0,8236,acceptable_missing_data
j03_cor,keep,0,8236,0.0,8236,acceptable_missing_data
idade_anos_comp,keep,0,8236,0.0,8236,acceptable_missing_data
i000e_semanas_gravidez,keep,0,8236,0.0,8236,acceptable_missing_data
i000d_data_ajustada,keep,0,8236,0.0,8236,acceptable_missing_data
i000b_data_do_dia,keep,0,8236,0.0,8236,acceptable_missing_data
h18_ronqueira,keep,0,8236,0.0,8236,acceptable_missing_data
h219_internado_nao_sabe,keep,0,8236,0.0,8236,acceptable_missing_data
h216_internado_nao,keep,0,8236,0.0,8236,acceptable_missing_data
h215_internado_outras,keep,0,8236,0.0,8236,acceptable_missing_data
h214_internado_alergias,keep,0,8236,0.0,8236,acceptable_missing_data
h213_internado_acidente,keep,0,8236,0.0,8236,acceptable_missing_data
h212_internado_intestinais,keep,0,8236,0.0,8236,acceptable_missing_data
h211_internado_respiratoria,keep,0,8236,0.0,8236,acceptable_missing_data
h21_internado,keep,0,8236,0.0,8236,acceptable_missing_data
h20_outro_problema,keep,0,8236,0.0,8236,acceptable_missing_data
h19_febre,keep,0,8236,0.0,8236,acceptable_missing_data
e38_farinhas,keep,0,8236,0.0,8236,acceptable_missing_data
e37_tempero,keep,0,8236,0.0,8236,acceptable_missing_data
e36_bala,keep,0,8236,0.0,8236,acceptable_missing_data
bbb08a_numero_mais_velho1,keep,0,8236,0.0,8236,acceptable_missing_data
e09_leite_soja_liquido,keep,0,8236,0.0,8236,acceptable_missing_data
e08_leite_soja_po,keep,0,8236,0.0,8236,acceptable_missing_data
e07_leite_vaca_liquido,keep,0,8236,0.0,8236,acceptable_missing_data
e06_leite_vaca_po,keep,0,8236,0.0,8236,acceptable_missing_data
e05_cha,keep,0,8236,0.0,8236,acceptable_missing_data
e02_agua,keep,0,8236,0.0,8236,acceptable_missing_data
e01_leite_peito,keep,0,8236,0.0,8236,acceptable_missing_data
datablb,keep,0,8236,0.0,8236,acceptable_missing_data
d02_matriculado,keep,0,8236,0.0,8236,acceptable_missing_data
d01_cor,keep,0,8236,0.0,8236,acceptable_missing_data
b06b_mae_responsavel,keep,0,8236,0.0,8236,acceptable_missing_data
e11_suco,keep,0,8236,0.0,8236,acceptable_missing_data
b05a_idade_em_meses,keep,0,8236,0.0,8236,acceptable_missing_data
b05_data,keep,0,8236,0.0,8236,acceptable_missing_data
b04_idade,keep,0,8236,0.0,8236,acceptable_missing_data
b03_relacao,keep,0,8236,0.0,8236,acceptable_missing_data
b02_sexo,keep,0,8236,0.0,8236,acceptable_missing_data
b00_numero,keep,0,8236,0.0,8236,acceptable_missing_data
a11_situacao,keep,0,8236,0.0,8236,acceptable_missing_data
a06_domicilio,keep,0,8236,0.0,8236,acceptable_missing_data
a00_regiao,keep,0,8236,0.0,8236,acceptable_missing_data
id_resp_anon,keep,0,8236,0.0,8236,acceptable_missing_data
e10_formula_infantil,keep,0,8236,0.0,8236,acceptable_missing_data
e12_fruta_inteira,keep,0,8236,0.0,8236,acceptable_missing_data
e35_biscoito,keep,0,8236,0.0,8236,acceptable_missing_data
e24_couve,keep,0,8236,0.0,8236,acceptable_missing_data
e34_macarrao,keep,0,8236,0.0,8236,acceptable_missing_data
e33_refrigerante,keep,0,8236,0.0,8236,acceptable_missing_data
e32_suco_industrializado,keep,0,8236,0.0,8236,acceptable_missing_data
e31_salgadinhos,keep,0,8236,0.0,8236,acceptable_missing_data
e30_hamburger,keep,0,8236,0.0,8236,acceptable_missing_data
e29_ovo,keep,0,8236,0.0,8236,acceptable_missing_data
e28_figado,keep,0,8236,0.0,8236,acceptable_missing_data
e27_carne,keep,0,8236,0.0,8236,acceptable_missing_data
e26_feijao,keep,0,8236,0.0,8236,acceptable_missing_data
e25_verduras,keep,0,8236,0.0,8236,acceptable_missing_data
e23_cenoura,keep,0,8236,0.0,8236,acceptable_missing_data
e16_comida_sal,keep,0,8236,0.0,8236,acceptable_missing_data
e22_legumes,keep,0,8236,0.0,8236,acceptable_missing_data
e21a_pao,keep,0,8236,0.0,8236,acceptable_missing_data
e219a_nao_sabe,keep,0,8236,0.0,8236,acceptable_missing_data
e214a_nao_comeu,keep,0,8236,0.0,8236,acceptable_missing_data
e213a_industrializado,keep,0,8236,0.0,8236,acceptable_missing_data
e212a_feito_em_casa,keep,0,8236,0.0,8236,acceptable_missing_data
e211a_pao_frances,keep,0,8236,0.0,8236,acceptable_missing_data
e21_arroz,keep,0,8236,0.0,8236,acceptable_missing_data
e20_iogurte,keep,0,8236,0.0,8236,acceptable_missing_data
e19_mingau,keep,0,8236,0.0,8236,acceptable_missing_data
j0505_rel_afro_brasileira,keep,0,8236,0.0,8236,acceptable_missing_data
j0506_rel_protestante_historica,keep,0,8236,0.0,8236,acceptable_missing_data
j0507_rel_budista,keep,0,8236,0.0,8236,acceptable_missing_data
peso_crianca_y_1b,keep,0,8236,0.0,8236,acceptable_missing_data
peso_crianca_y_7,keep,0,8236,0.0,8236,acceptable_missing_data
peso_crianca_y_6,keep,0,8236,0.0,8236,acceptable_missing_data
peso_crianca_y_5,keep,0,8236,0.0,8236,acceptable_missing_data
peso_crianca_y_4,keep,0,8236,0.0,8236,acceptable_missing_data
peso_crianca_y_3,keep,0,8236,0.0,8236,acceptable_missing_data
peso_crianca_y_22,keep,0,8236,0.0,8236,acceptable_missing_data
peso_crianca_y_21,keep,0,8236,0.0,8236,acceptable_missing_data
peso_crianca_y_20,keep,0,8236,0.0,8236,acceptable_missing_data
peso_crianca_y_2,keep,0,8236,0.0,8236,acceptable_missing_data
peso_crianca_y_1c,keep,0,8236,0.0,8236,acceptable_missing_data
peso_crianca_y_1a,keep,0,8236,0.0,8236,acceptable_missing_data
peso_crianca_y_9a,keep,0,8236,0.0,8236,acceptable_missing_data
peso_crianca_y_19,keep,0,8236,0.0,8236,acceptable_missing_data
peso_crianca_y_18,keep,0,8236,0.0,8236,acceptable_missing_data
peso_crianca_y_17,keep,0,8236,0.0,8236,acceptable_missing_data
peso_crianca_y_16,keep,0,8236,0.0,8236,acceptable_missing_data
peso_crianca_y_15,keep,0,8236,0.0,8236,acceptable_missing_data
peso_crianca_y_14,keep,0,8236,0.0,8236,acceptable_missing_data
peso_crianca_y_13,keep,0,8236,0.0,8236,acceptable_missing_data
peso_crianca_y_12,keep,0,8236,0.0,8236,acceptable_missing_data
peso_crianca_y_11,keep,0,8236,0.0,8236,acceptable_missing_data
peso_crianca_y_10,keep,0,8236,0.0,8236,acceptable_missing_data
peso_crianca_y_8,keep,0,8236,0.0,8236,acceptable_missing_data
peso_crianca_y_9b,keep,0,8236,0.0,8236,acceptable_missing_data
peso_crianca_calib,keep,0,8236,0.0,8236,acceptable_missing_data
r08_telefone_fixo,keep,0,8236,0.0,8236,acceptable_missing_data
s00f_idade_altura,keep,0,8236,0.0,8236,acceptable_missing_data
s00e_data_altura,keep,0,8236,0.0,8236,acceptable_missing_data
s00d_idade_peso,keep,0,8236,0.0,8236,acceptable_missing_data
s00c_data_peso,keep,0,8236,0.0,8236,acceptable_missing_data
r14_celular,keep,0,8236,0.0,8236,acceptable_missing_data
r13_internet_celular,keep,0,8236,0.0,8236,acceptable_missing_data
r12_internet_domicilio,keep,0,8236,0.0,8236,acceptable_missing_data
r11_tv_a_cabo,keep,0,8236,0.0,8236,acceptable_missing_data
r10_ar_condicionado,keep,0,8236,0.0,8236,acceptable_missing_data
r09_microcomputador,keep,0,8236,0.0,8236,acceptable_missing_data
r07_micro_ondas,keep,0,8236,0.0,8236,acceptable_missing_data
peso_setor_ajuste1,keep,0,8236,0.0,8236,acceptable_missing_data
r06_lavadora,keep,0,8236,0.0,8236,acceptable_missing_data
r05_vcr,keep,0,8236,0.0,8236,acceptable_missing_data
r04_geladeira,keep,0,8236,0.0,8236,acceptable_missing_data
r03_radio,keep,0,8236,0.0,8236,acceptable_missing_data
r02_automoveis,keep,0,8236,0.0,8236,acceptable_missing_data
r01_televisao,keep,0,8236,0.0,8236,acceptable_missing_data
q07_renda_faixa,keep,0,8236,0.0,8236,acceptable_missing_data
q06_renda,keep,0,8236,0.0,8236,acceptable_missing_data
q01_recebe_beneficio,keep,0,8236,0.0,8236,acceptable_missing_data
posestrato,keep,0,8236,0.0,8236,acceptable_missing_data
peso_crianca_setor,keep,0,8236,0.0,8236,acceptable_missing_data
peso_crianca,keep,0,8236,0.0,8236,acceptable_missing_data
j0508_rel_sem_religiao,keep,0,8236,0.0,8236,acceptable_missing_data
l06_adulto_comeu_menos,keep,0,8236,0.0,8236,acceptable_missing_data
n01_frutas,keep,0,8236,0.0,8236,acceptable_missing_data
m01_costuma_cozinhar,keep,0,8236,0.0,8236,acceptable_missing_data
l14_menos18_sem_comer,keep,0,8236,0.0,8236,acceptable_missing_data
l13_menos18_sentiu_fome,keep,0,8236,0.0,8236,acceptable_missing_data
id_domic_anon,keep,0,8236,0.0,8236,acceptable_missing_data
l11_menos18_diminuiu,keep,0,8236,0.0,8236,acceptable_missing_data
l10_menos18_insuficiente,keep,0,8236,0.0,8236,acceptable_missing_data
l09_menos18_saudavel,keep,0,8236,0.0,8236,acceptable_missing_data
l08_adulto_sem_comer,keep,0,8236,0.0,8236,acceptable_missing_data
l07_adulto_sentiu_fome,keep,0,8236,0.0,8236,acceptable_missing_data
l05_adulto_saltou_refeicao,keep,0,8236,0.0,8236,acceptable_missing_data
n03_verduras,keep,0,8236,0.0,8236,acceptable_missing_data
l04_morador_insuficiente,keep,0,8236,0.0,8236,acceptable_missing_data
l03_morador_saudavel,keep,0,8236,0.0,8236,acceptable_missing_data
l02_morador_alim_acabaram,keep,0,8236,0.0,8236,acceptable_missing_data
l01_morador_alim_acabassem,keep,0,8236,0.0,8236,acceptable_missing_data
j10_serie,keep,0,8236,0.0,8236,acceptable_missing_data
j09_frequenta,keep,0,8236,0.0,8236,acceptable_missing_data
j08_ler,keep,0,8236,0.0,8236,acceptable_missing_data
j06_ocupacao,keep,0,8236,0.0,8236,acceptable_missing_data
j0510_rel_ns_nqr,keep,0,8236,0.0,8236,acceptable_missing_data
j0509_rel_outra_religiao,keep,0,8236,0.0,8236,acceptable_missing_data
n02_legumes,keep,0,8236,0.0,8236,acceptable_missing_data
n04_feijao,keep,0,8236,0.0,8236,acceptable_missing_data
p13_energia_eletrica,keep,0,8236,0.0,8236,acceptable_missing_data
p01_respondente,keep,0,8236,0.0,8236,acceptable_missing_data
p12_lixo,keep,0,8236,0.0,8236,acceptable_missing_data
p11_agua,keep,0,8236,0.0,8236,acceptable_missing_data
p10_esgoto,keep,0,8236,0.0,8236,acceptable_missing_data
p09_banheiros_chuveiro,keep,0,8236,0.0,8236,acceptable_missing_data
p08_banheiros_exclusivo,keep,0,8236,0.0,8236,acceptable_missing_data
p07_dormitorios,keep,0,8236,0.0,8236,acceptable_missing_data
p06_cozinha,keep,0,8236,0.0,8236,acceptable_missing_data
p05_comodos,keep,0,8236,0.0,8236,acceptable_missing_data
p03_ocupacao,keep,0,8236,0.0,8236,acceptable_missing_data
p02_tipo_de_domicilio,keep,0,8236,0.0,8236,acceptable_missing_data
o07_refrigerantes_baratos,keep,0,8236,0.0,8236,acceptable_missing_data
n05_suco,keep,0,8236,0.0,8236,acceptable_missing_data
o06_refrigerantes_variedade,keep,0,8236,0.0,8236,acceptable_missing_data
o05_refrigerantes_comprar,keep,0,8236,0.0,8236,acceptable_missing_data
o04_frutas_baratas,keep,0,8236,0.0,8236,acceptable_missing_data
o03_frutas_variedade,keep,0,8236,0.0,8236,acceptable_missing_data
o02_frutas_qualidade,keep,0,8236,0.0,8236,acceptable_missing_data
o01_frutas_comprar,keep,0,8236,0.0,8236,acceptable_missing_data
n09_balas,keep,0,8236,0.0,8236,acceptable_missing_data
n08_salgadinhos,keep,0,8236,0.0,8236,acceptable_missing_data
n07_biscoitos,keep,0,8236,0.0,8236,acceptable_missing_data
n06_refrigerantes,keep,0,8236,0.0,8236,acceptable_missing_data
vd_dummy_gravida,keep,0,8236,0.0,8236,acceptable_missing_data
